scene,scene_file,query,seed,start_q_rad,goal_q_rad,direct_path_free,status,plan_elapsed_ms,iterations,nodes,shortcut_waypoints,path_samples,path_cost_rad,trajectory_samples,trajectory_duration_s
open_floor,scene.xml,positive_pan,20260816,-1.57080000;-1.57080000;1.57080000;-1.57080000;-1.57080000;0.00000000,-0.47080000;-1.57080000;1.57080000;-1.57080000;-1.57080000;0.00000000,true,success,0.12429000,0,2,2,23,1.10000000,1267,2.53055556
open_floor,scene.xml,positive_pan,20260817,-1.57080000;-1.57080000;1.57080000;-1.57080000;-1.57080000;0.00000000,-0.47080000;-1.57080000;1.57080000;-1.57080000;-1.57080000;0.00000000,true,success,0.12327000,0,2,2,23,1.10000000,1267,2.53055556
open_floor,scene.xml,positive_pan,20260818,-1.57080000;-1.57080000;1.57080000;-1.57080000;-1.57080000;0.00000000,-0.47080000;-1.57080000;1.57080000;-1.57080000;-1.57080000;0.00000000,true,success,0.12346000,0,2,2,23,1.10000000,1267,2.53055556
open_floor,scene.xml,positive_pan,20260819,-1.57080000;-1.57080000;1.57080000;-1.57080000;-1.57080000;0.00000000,-0.47080000;-1.57080000;1.57080000;-1.57080000;-1.57080000;0.00000000,true,success,0.12200000,0,2,2,23,1.10000000,1267,2.53055556
open_floor,scene.xml,positive_pan,20260820,-1.57080000;-1.57080000;1.57080000;-1.57080000;-1.57080000;0.00000000,-0.47080000;-1.57080000;1.57080000;-1.57080000;-1.57080000;0.00000000,true,success,0.12163000,0,2,2,23,1.10000000,1267,2.53055556
open_floor,scene.xml,shoulder_elbow,20260816,-1.57080000;-1.57080000;1.57080000;-1.57080000;-1.57080000;0.00000000,-1.22080000;-1.17080000;1.02080000;-1.32080000;-1.57080000;0.00000000,true,success,0.09689000,0,2,2,18,0.80467385,767,1.53055556
open_floor,scene.xml,shoulder_elbow,20260817,-1.57080000;-1.57080000;1.57080000;-1.57080000;-1.57080000;0.00000000,-1.22080000;-1.17080000;1.02080000;-1.32080000;-1.57080000;0.00000000,true,success,0.09466000,0,2,2,18,0.80467385,767,1.53055556
open_floor,scene.xml,shoulder_elbow,20260818,-1.57080000;-1.57080000;1.57080000;-1.57080000;-1.57080000;0.00000000,-1.22080000;-1.17080000;1.02080000;-1.32080000;-1.57080000;0.00000000,true,success,0.09391900,0,2,2,18,0.80467385,767,1.53055556
open_floor,scene.xml,shoulder_elbow,20260819,-1.57080000;-1.57080000;1.57080000;-1.57080000;-1.57080000;0.00000000,-1.22080000;-1.17080000;1.02080000;-1.32080000;-1.57080000;0.00000000,true,success,0.09342000,0,2,2,18,0.80467385,767,1.53055556
open_floor,scene.xml,shoulder_elbow,20260820,-1.57080000;-1.57080000;1.57080000;-1.57080000;-1.57080000;0.00000000,-1.22080000;-1.17080000;1.02080000;-1.32080000;-1.57080000;0.00000000,true,success,0.09335000,0,2,2,18,0.80467385,767,1.53055556
open_floor,scene.xml,wrist_reorientation,20260816,-1.57080000;-1.57080000;1.57080000;-1.57080000;-1.57080000;0.00000000,-1.32080000;-1.72080000;1.82080000;-1.92080000;-0.97080000;-0.70000000,true,success,0.12424000,0,2,2,23,1.05830052,903,1.80328283
open_floor,scene.xml,wrist_reorientation,20260817,-1.57080000;-1.57080000;1.57080000;-1.57080000;-1.57080000;0.00000000,-1.32080000;-1.72080000;1.82080000;-1.92080000;-0.97080000;-0.70000000,true,success,0.12570900,0,2,2,23,1.05830052,903,1.80328283
open_floor,scene.xml,wrist_reorientation,20260818,-1.57080000;-1.57080000;1.57080000;-1.57080000;-1.57080000;0.00000000,-1.32080000;-1.72080000;1.82080000;-1.92080000;-0.97080000;-0.70000000,true,success,0.12300000,0,2,2,23,1.05830052,903,1.80328283
open_floor,scene.xml,wrist_reorientation,20260819,-1.57080000;-1.57080000;1.57080000;-1.57080000;-1.57080000;0.00000000,-1.32080000;-1.72080000;1.82080000;-1.92080000;-0.97080000;-0.70000000,true,success,0.12283900,0,2,2,23,1.05830052,903,1.80328283
open_floor,scene.xml,wrist_reorientation,20260820,-1.57080000;-1.57080000;1.57080000;-1.57080000;-1.57080000;0.00000000,-1.32080000;-1.72080000;1.82080000;-1.92080000;-0.97080000;-0.70000000,true,success,0.12298000,0,2,2,23,1.05830052,903,1.80328283
offset_pillar,scene_cluttered.xml,positive_pan,20260816,-1.57080000;-1.57080000;1.57080000;-1.57080000;-1.57080000;0.00000000,-0.47080000;-1.57080000;1.57080000;-1.57080000;-1.57080000;0.00000000,false,success,6.93587900,69,64,3,53,2.54129475,1751,3.49937200
offset_pillar,scene_cluttered.xml,positive_pan,20260817,-1.57080000;-1.57080000;1.57080000;-1.57080000;-1.57080000;0.00000000,-0.47080000;-1.57080000;1.57080000;-1.57080000;-1.57080000;0.00000000,false,success,5.93811100,71,69,4,45,2.17517403,1741,3.47972176
offset_pillar,scene_cluttered.xml,positive_pan,20260818,-1.57080000;-1.57080000;1.57080000;-1.57080000;-1.57080000;0.00000000,-0.47080000;-1.57080000;1.57080000;-1.57080000;-1.57080000;0.00000000,false,success,4.98799300,53,44,3,40,1.86608655,1324,2.64500127
offset_pillar,scene_cluttered.xml,positive_pan,20260819,-1.57080000;-1.57080000;1.57080000;-1.57080000;-1.57080000;0.00000000,-0.47080000;-1.57080000;1.57080000;-1.57080000;-1.57080000;0.00000000,false,success,7.43564800,121,87,3,38,1.80315752,1301,2.59962619
offset_pillar,scene_cluttered.xml,positive_pan,20260820,-1.57080000;-1.57080000;1.57080000;-1.57080000;-1.57080000;0.00000000,-0.47080000;-1.57080000;1.57080000;-1.57080000;-1.57080000;0.00000000,false,success,6.75752900,85,74,3,42,1.95497101,1320,2.63606050
offset_pillar,scene_cluttered.xml,negative_pan,20260816,-1.57080000;-1.57080000;1.57080000;-1.57080000;-1.57080000;0.00000000,-2.57080000;-1.57080000;1.57080000;-1.57080000;-1.57080000;0.00000000,true,success,0.12946000,0,2,2,22,1.00000000,1176,2.34873737
offset_pillar,scene_cluttered.xml,negative_pan,20260817,-1.57080000;-1.57080000;1.57080000;-1.57080000;-1.57080000;0.00000000,-2.57080000;-1.57080000;1.57080000;-1.57080000;-1.57080000;0.00000000,true,success,0.12333900,0,2,2,22,1.00000000,1176,2.34873737
offset_pillar,scene_cluttered.xml,negative_pan,20260818,-1.57080000;-1.57080000;1.57080000;-1.57080000;-1.57080000;0.00000000,-2.57080000;-1.57080000;1.57080000;-1.57080000;-1.57080000;0.00000000,true,success,0.12260000,0,2,2,22,1.00000000,1176,2.34873737
offset_pillar,scene_cluttered.xml,negative_pan,20260819,-1.57080000;-1.57080000;1.57080000;-1.57080000;-1.57080000;0.00000000,-2.57080000;-1.57080000;1.57080000;-1.57080000;-1.57080000;0.00000000,true,success,0.12263900,0,2,2,22,1.00000000,1176,2.34873737
offset_pillar,scene_cluttered.xml,negative_pan,20260820,-1.57080000;-1.57080000;1.57080000;-1.57080000;-1.57080000;0.00000000,-2.57080000;-1.57080000;1.57080000;-1.57080000;-1.57080000;0.00000000,true,success,0.12287000,0,2,2,22,1.00000000,1176,2.34873737
offset_pillar,scene_cluttered.xml,shoulder_elbow,20260816,-1.57080000;-1.57080000;1.57080000;-1.57080000;-1.57080000;0.00000000,-1.22080000;-1.17080000;1.02080000;-1.32080000;-1.57080000;0.00000000,true,success,0.10958900,0,2,2,18,0.80467385,767,1.53055556
offset_pillar,scene_cluttered.xml,shoulder_elbow,20260817,-1.57080000;-1.57080000;1.57080000;-1.57080000;-1.57080000;0.00000000,-1.22080000;-1.17080000;1.02080000;-1.32080000;-1.57080000;0.00000000,true,success,0.11385000,0,2,2,18,0.80467385,767,1.53055556
offset_pillar,scene_cluttered.xml,shoulder_elbow,20260818,-1.57080000;-1.57080000;1.57080000;-1.57080000;-1.57080000;0.00000000,-1.22080000;-1.17080000;1.02080000;-1.32080000;-1.57080000;0.00000000,true,success,0.10687000,0,2,2,18,0.80467385,767,1.53055556
offset_pillar,scene_cluttered.xml,shoulder_elbow,20260819,-1.57080000;-1.57080000;1.57080000;-1.57080000;-1.57080000;0.00000000,-1.22080000;-1.17080000;1.02080000;-1.32080000;-1.57080000;0.00000000,true,success,0.10672000,0,2,2,18,0.80467385,767,1.53055556
offset_pillar,scene_cluttered.xml,shoulder_elbow,20260820,-1.57080000;-1.57080000;1.57080000;-1.57080000;-1.57080000;0.00000000,-1.22080000;-1.17080000;1.02080000;-1.32080000;-1.57080000;0.00000000,true,success,0.10679000,0,2,2,18,0.80467385,767,1.53055556
tabletop_pillar,scene_pickplace.xml,cross_workspace,20260816,-1.97080000;-1.42080000;1.37080000;-1.47080000;-1.57080000;0.00000000,-0.82080000;-1.32080000;1.12080000;-1.32080000;-1.42080000;-0.20000000,false,success,1.37385800,1,9,3,32,1.51811648,1515,3.02746517
tabletop_pillar,scene_pickplace.xml,cross_workspace,20260817,-1.97080000;-1.42080000;1.37080000;-1.47080000;-1.57080000;0.00000000,-0.82080000;-1.32080000;1.12080000;-1.32080000;-1.42080000;-0.20000000,false,success,2.14670700,14,21,3,35,1.60322265,1651,3.29821051
tabletop_pillar,scene_pickplace.xml,cross_workspace,20260818,-1.97080000;-1.42080000;1.37080000;-1.47080000;-1.57080000;0.00000000,-0.82080000;-1.32080000;1.12080000;-1.32080000;-1.42080000;-0.20000000,false,success,9.94178400,219,124,4,35,1.66097912,1634,3.26532736
tabletop_pillar,scene_pickplace.xml,cross_workspace,20260819,-1.97080000;-1.42080000;1.37080000;-1.47080000;-1.57080000;0.00000000,-0.82080000;-1.32080000;1.12080000;-1.32080000;-1.42080000;-0.20000000,false,success,6.10870000,103,69,4,46,2.20622753,1972,3.94023314
tabletop_pillar,scene_pickplace.xml,cross_workspace,20260820,-1.97080000;-1.42080000;1.37080000;-1.47080000;-1.57080000;0.00000000,-0.82080000;-1.32080000;1.12080000;-1.32080000;-1.42080000;-0.20000000,false,success,4.37058300,75,58,4,40,1.93369592,1925,3.84732284
tabletop_pillar,scene_pickplace.xml,reverse_cross_workspace,20260816,-0.92080000;-1.37080000;1.22080000;-1.42080000;-1.47080000;-0.20000000,-2.02080000;-1.47080000;1.47080000;-1.67080000;-1.77080000;0.35000000,false,success,5.07293200,21,25,4,36,1.71473352,1679,3.35412207
tabletop_pillar,scene_pickplace.xml,reverse_cross_workspace,20260817,-0.92080000;-1.37080000;1.22080000;-1.42080000;-1.47080000;-0.20000000,-2.02080000;-1.47080000;1.47080000;-1.67080000;-1.77080000;0.35000000,false,success,5.77112000,9,16,3,36,1.67520170,1506,3.00864782
tabletop_pillar,scene_pickplace.xml,reverse_cross_workspace,20260818,-0.92080000;-1.37080000;1.22080000;-1.42080000;-1.47080000;-0.20000000,-2.02080000;-1.47080000;1.47080000;-1.67080000;-1.77080000;0.35000000,false,success,5.42939100,2,9,3,32,1.47459528,1296,2.58979659
tabletop_pillar,scene_pickplace.xml,reverse_cross_workspace,20260819,-0.92080000;-1.37080000;1.22080000;-1.42080000;-1.47080000;-0.20000000,-2.02080000;-1.47080000;1.47080000;-1.67080000;-1.77080000;0.35000000,false,success,5.75411000,10,16,3,32,1.47536270,1358,2.71385271
tabletop_pillar,scene_pickplace.xml,reverse_cross_workspace,20260820,-0.92080000;-1.37080000;1.22080000;-1.42080000;-1.47080000;-0.20000000,-2.02080000;-1.47080000;1.47080000;-1.67080000;-1.77080000;0.35000000,false,success,6.38588000,24,26,3,34,1.57295370,1502,3.00193184
tabletop_pillar,scene_pickplace.xml,wrist_reorientation,20260816,-1.57080000;-1.57080000;1.57080000;-1.57080000;-1.57080000;0.00000000,-1.32080000;-1.72080000;1.82080000;-1.92080000;-0.97080000;-0.70000000,true,success,0.13495900,0,2,2,23,1.05830052,903,1.80328283
tabletop_pillar,scene_pickplace.xml,wrist_reorientation,20260817,-1.57080000;-1.57080000;1.57080000;-1.57080000;-1.57080000;0.00000000,-1.32080000;-1.72080000;1.82080000;-1.92080000;-0.97080000;-0.70000000,true,success,0.13814000,0,2,2,23,1.05830052,903,1.80328283
tabletop_pillar,scene_pickplace.xml,wrist_reorientation,20260818,-1.57080000;-1.57080000;1.57080000;-1.57080000;-1.57080000;0.00000000,-1.32080000;-1.72080000;1.82080000;-1.92080000;-0.97080000;-0.70000000,true,success,0.12981900,0,2,2,23,1.05830052,903,1.80328283
tabletop_pillar,scene_pickplace.xml,wrist_reorientation,20260819,-1.57080000;-1.57080000;1.57080000;-1.57080000;-1.57080000;0.00000000,-1.32080000;-1.72080000;1.82080000;-1.92080000;-0.97080000;-0.70000000,true,success,0.12978000,0,2,2,23,1.05830052,903,1.80328283
tabletop_pillar,scene_pickplace.xml,wrist_reorientation,20260820,-1.57080000;-1.57080000;1.57080000;-1.57080000;-1.57080000;0.00000000,-1.32080000;-1.72080000;1.82080000;-1.92080000;-0.97080000;-0.70000000,true,success,0.13728000,0,2,2,23,1.05830052,903,1.80328283
